payment_id,order_id,payment_method,payment_status,payment_amount
1,1,sepa,pending,192.58
2,2,credit_card,success,419.5
3,3,bank_transfer,success,1829.71
4,4,paypal,failed,494.09
5,5,invoice,pending,1233.55
6,6,bank_transfer,success,1654.69
7,7,sepa,failed,299.38
8,8,bank_transfer,refunded,835.6
9,10,sepa,success,1090.03
10,11,sepa,refunded,86.68
11,12,sepa,pending,587.39
12,13,invoice,refunded,165.08
13,14,paypal,failed,198.99
14,15,paypal,failed,237.84
15,16,bank_transfer,success,142.24
16,17,paypal,refunded,-191.03
17,18,credit_card,refunded,76.54
18,19,bank_transfer,failed,206.35
19,20,sepa,pending,57.82
20,21,invoice,success,131.45
21,22,bank_transfer,success,6.06
22,23,sepa,refunded,196.36
23,24,paypal,failed,99.91
24,25,credit_card,refunded,72.03
25,26,credit_card,refunded,152.62
26,27,paypal,success,799.91
27,28,credit_card,success,96.28
28,29,paypal,success,956.95
29,31,credit_card,success,81.21
30,32,credit_card,failed,40.87
31,33,paypal,refunded,92.88
32,34,sepa,failed,712.56
33,35,sepa,failed,1159.94
34,36,paypal,failed,90.91
35,38,credit_card,failed,385.37
36,39,paypal,pending,194.83
37,40,invoice,refunded,12.77
38,41,paypal,failed,302.47
39,43,credit_card,pending,207.67
40,44,invoice,success,475.65
41,45,sepa,refunded,82.38
42,46,bank_transfer,refunded,861.13
43,48,sepa,pending,1008.45
44,49,sepa,pending,237.31
45,50,credit_card,failed,56.64
46,51,sepa,success,326.81
47,52,sepa,success,28.56
48,53,sepa,pending,456.38
49,54,paypal,success,810.74
50,55,sepa,success,463.18
51,56,paypal,refunded,962.46
52,57,paypal,failed,678.5
53,58,sepa,failed,40.3
54,60,sepa,failed,452.74
55,61,paypal,failed,59.09
55,61,paypal,failed,59.09
57,62,bank_transfer,success,118.01
58,63,bank_transfer,failed,124.36
59,64,bank_transfer,failed,156.78
60,65,sepa,pending,174.9
61,66,bank_transfer,refunded,46.32
62,67,bank_transfer,failed,75.81
63,68,bank_transfer,success,248.62
64,69,paypal,failed,2233.68
65,70,credit_card,success,2235.66
66,71,sepa,failed,2270.44
67,73,paypal,success,378.01
68,74,sepa,success,2455.54
69,75,invoice,refunded,2374.34
70,76,invoice,pending,1915.61
71,77,invoice,failed,1318.82
72,78,invoice,refunded,2452.44
73,79,credit_card,refunded,347.56
74,80,sepa,success,1048.45
75,81,sepa,failed,248.56
76,82,credit_card,success,91.15
77,83,bank_transfer,success,180.74
78,85,invoice,pending,727.52
79,86,invoice,refunded,127.57
80,87,credit_card,failed,181.29
81,88,invoice,success,217.49
82,89,credit_card,success,206.01
83,90,credit_card,success,302.3
84,91,bank_transfer,refunded,266.13
85,92,sepa,success,303.91
86,93,sepa,failed,415.49
87,94,paypal,failed,234.91
88,95,sepa,failed,28.94
89,96,paypal,failed,74.4
90,97,credit_card,refunded,6.76
91,98,sepa,failed,109.39
92,99,paypal,failed,72.51
92,99,paypal,failed,72.51
94,100,invoice,pending,709.89
95,101,invoice,success,926.33
96,102,paypal,failed,147.84
97,103,sepa,success,443.81
98,104,invoice,failed,265.94
99,105,credit_card,refunded,2330.18
100,106,paypal,pending,2367.0
101,107,paypal,success,375.36
102,108,bank_transfer,success,309.29
103,109,bank_transfer,refunded,1246.1
104,110,sepa,pending,43.82
105,112,invoice,failed,291.7
105,112,invoice,failed,291.7
107,113,credit_card,success,154.18
108,114,invoice,refunded,1750.77
109,115,sepa,success,1719.91
110,116,bank_transfer,success,1708.44
111,117,paypal,failed,73.82
112,119,paypal,refunded,74.58
113,120,bank_transfer,pending,58.14
114,121,credit_card,failed,1705.74
115,122,sepa,failed,164.55
116,123,credit_card,success,204.96
117,124,paypal,failed,25.96
118,125,paypal,success,-164.67
119,127,invoice,refunded,189.3
120,128,credit_card,pending,428.62
121,129,invoice,pending,408.95
122,130,bank_transfer,failed,81.46
123,131,sepa,failed,497.83
124,132,invoice,refunded,29.25
125,133,paypal,failed,28.59
126,134,credit_card,failed,89.31
127,136,paypal,failed,983.62
128,138,sepa,pending,818.03
129,139,credit_card,failed,1963.39
130,140,paypal,failed,178.17
131,141,bank_transfer,pending,28.41
132,142,paypal,refunded,304.62
133,143,paypal,refunded,656.12
134,144,paypal,refunded,120.0
135,146,paypal,refunded,319.21
136,147,bank_transfer,refunded,246.01
137,148,credit_card,success,-68.68
138,149,credit_card,success,680.5
139,150,sepa,pending,1100.32
140,151,sepa,pending,1017.14
141,152,sepa,success,694.3
142,153,sepa,failed,2028.56
143,154,invoice,success,510.6
144,156,credit_card,success,243.22
145,157,credit_card,success,27.1
146,158,sepa,refunded,127.11
147,159,credit_card,refunded,187.29
148,160,paypal,refunded,662.69
149,161,invoice,success,992.75
150,162,invoice,refunded,1938.94
151,163,sepa,success,438.6
152,164,invoice,success,268.44
153,165,paypal,success,556.85
154,166,paypal,success,35.94
155,167,invoice,pending,131.87
156,168,credit_card,failed,197.13
157,169,invoice,refunded,1240.42
158,170,invoice,pending,-2234.9
159,171,credit_card,refunded,2251.72
160,172,sepa,pending,514.95
161,173,credit_card,failed,1223.66
162,174,invoice,pending,-1376.93
163,175,sepa,failed,2213.18
164,176,paypal,pending,2419.55
165,177,credit_card,failed,1551.95
166,178,bank_transfer,success,213.37
167,179,paypal,refunded,291.95
168,180,paypal,success,170.26
169,181,paypal,success,1656.59
170,182,sepa,success,2348.7
171,183,sepa,success,29.92
172,184,sepa,pending,57.59
173,185,credit_card,refunded,289.31
174,186,invoice,refunded,170.25
175,187,invoice,refunded,128.65
176,188,paypal,refunded,139.77
177,189,sepa,success,154.06
178,190,credit_card,failed,-573.19
179,191,bank_transfer,pending,-659.07
180,192,sepa,failed,2063.75
181,193,invoice,success,429.05
182,194,sepa,failed,620.84
183,196,credit_card,failed,-1508.32
184,197,invoice,failed,2308.59
185,198,invoice,failed,2180.98
186,199,sepa,success,91.31
187,200,invoice,failed,212.67
188,201,bank_transfer,failed,297.05
189,202,invoice,refunded,17.08
190,203,paypal,pending,36.94
191,204,sepa,failed,53.04
192,205,invoice,refunded,26.95
193,206,sepa,failed,165.58
194,207,bank_transfer,failed,113.34
195,209,invoice,failed,-2089.49
196,211,invoice,refunded,1888.37
197,212,credit_card,success,95.05
198,213,bank_transfer,success,1564.01
199,214,sepa,success,714.71
200,215,bank_transfer,success,1225.25
201,216,paypal,failed,253.36
202,217,paypal,pending,398.54
203,218,sepa,failed,158.14
204,220,sepa,pending,1325.76
205,221,sepa,failed,428.37
206,222,credit_card,failed,1081.67
207,223,sepa,refunded,1657.77
208,224,sepa,refunded,501.13
209,225,credit_card,pending,79.32
210,226,invoice,failed,191.8
211,227,sepa,refunded,93.02
212,228,paypal,refunded,213.77
213,229,paypal,success,192.31
214,230,credit_card,refunded,247.12
215,231,sepa,success,1735.26
216,232,sepa,pending,1733.6
217,233,bank_transfer,success,1504.82
218,235,invoice,success,999.12
219,236,sepa,success,590.15
220,237,credit_card,failed,592.88
221,238,sepa,pending,190.75
222,239,paypal,success,1106.12
223,240,credit_card,success,1846.49
224,241,bank_transfer,failed,1782.83
225,242,credit_card,failed,871.22
226,243,credit_card,failed,1077.98
227,244,invoice,refunded,-37.23
228,245,paypal,pending,276.32
229,246,invoice,pending,243.1
230,247,paypal,refunded,146.28
231,248,invoice,failed,1466.33
232,249,paypal,failed,445.27
233,250,credit_card,success,1427.33
234,251,sepa,failed,783.27
235,252,invoice,failed,1398.65
236,253,bank_transfer,refunded,667.69
237,254,credit_card,failed,617.49
238,255,credit_card,pending,232.14
239,256,credit_card,pending,221.5
240,257,paypal,success,118.9
241,258,bank_transfer,failed,-867.79
242,259,bank_transfer,refunded,216.2
243,260,sepa,success,510.16
244,261,credit_card,failed,611.91
245,262,sepa,failed,589.26
246,263,credit_card,failed,1048.0
247,264,paypal,failed,401.77
248,265,paypal,success,491.97
249,266,invoice,failed,378.25
250,267,bank_transfer,failed,578.59
251,268,sepa,success,977.79
252,269,invoice,failed,213.75
253,270,sepa,pending,200.54
254,271,paypal,success,276.35
255,272,sepa,success,212.79
256,273,sepa,success,187.66
257,274,invoice,failed,54.14
258,275,paypal,success,71.8
259,276,sepa,failed,30.08
260,277,credit_card,success,145.65
261,278,bank_transfer,success,12.1
262,279,bank_transfer,pending,177.65
263,280,bank_transfer,success,406.56
264,281,sepa,success,55.53
265,282,sepa,refunded,238.04
266,283,credit_card,pending,457.3
267,284,paypal,success,232.11
268,285,bank_transfer,failed,93.69
269,286,paypal,success,359.99
270,287,bank_transfer,success,235.88
271,288,sepa,failed,198.07
272,289,bank_transfer,success,197.9
273,290,invoice,refunded,145.68
274,291,invoice,failed,206.4
275,292,credit_card,refunded,204.45
276,293,sepa,success,205.17
277,295,credit_card,failed,135.25
278,297,bank_transfer,success,-95.46
279,298,credit_card,success,216.01
280,300,paypal,failed,39.07
281,301,invoice,pending,249.38
282,302,paypal,pending,1661.92
283,303,sepa,success,2239.28
284,304,paypal,pending,992.55
285,305,bank_transfer,failed,1794.72
286,306,bank_transfer,refunded,246.8
287,307,credit_card,failed,367.79
288,308,sepa,success,130.16
289,309,bank_transfer,pending,35.86
290,310,invoice,failed,291.24
291,311,credit_card,refunded,92.08
292,312,bank_transfer,success,293.29
293,313,bank_transfer,refunded,257.74
294,314,bank_transfer,success,16.96
295,315,credit_card,failed,228.86
296,316,bank_transfer,success,889.98
297,317,bank_transfer,refunded,1894.27
298,318,bank_transfer,pending,459.84
299,319,credit_card,success,460.62
300,320,paypal,failed,98.05
301,321,invoice,pending,75.75
302,322,paypal,refunded,28.85
303,323,invoice,failed,87.07
304,324,bank_transfer,success,194.42
305,325,sepa,success,171.04
306,326,bank_transfer,failed,30.46
307,327,credit_card,success,10.81
308,328,credit_card,success,1613.3
309,330,sepa,success,166.82
310,331,invoice,failed,174.59
310,331,invoice,failed,174.59
312,332,bank_transfer,failed,98.79
313,333,invoice,failed,125.47
314,334,sepa,success,585.05
315,335,sepa,success,195.42
316,336,paypal,success,167.83
317,337,bank_transfer,pending,131.27
318,338,credit_card,success,1373.32
319,340,credit_card,failed,945.12
320,341,paypal,success,482.71
321,342,paypal,failed,2246.33
322,343,invoice,refunded,261.54
323,344,bank_transfer,success,482.83
324,345,bank_transfer,success,396.01
325,346,credit_card,success,2181.99
326,347,paypal,success,396.9
327,348,sepa,success,1639.53
328,349,sepa,success,1547.5
329,350,credit_card,success,1558.29
330,351,sepa,refunded,1712.07
331,352,paypal,pending,2099.25
332,353,credit_card,pending,953.0
333,354,credit_card,refunded,188.38
334,355,invoice,success,33.85
335,356,sepa,refunded,1014.08
336,357,invoice,success,576.76
337,358,invoice,success,903.57
338,359,bank_transfer,success,708.2
339,360,paypal,refunded,246.76
340,363,bank_transfer,success,78.06
341,364,credit_card,success,655.76
342,365,bank_transfer,refunded,940.18
343,366,credit_card,pending,928.74
344,367,credit_card,failed,558.93
345,368,invoice,success,585.73
346,369,bank_transfer,failed,64.32
347,370,sepa,failed,178.35
348,371,credit_card,failed,453.73
349,372,credit_card,refunded,605.02
350,373,paypal,pending,328.59
351,374,paypal,success,1144.35
352,375,credit_card,success,966.54
353,376,sepa,failed,1054.77
354,377,sepa,failed,921.44
355,378,paypal,failed,44.51
356,379,invoice,refunded,54.91
357,380,sepa,failed,992.58
358,381,invoice,failed,111.61
359,382,invoice,failed,1183.97
360,383,paypal,success,1167.0
361,384,paypal,failed,75.07
362,385,credit_card,failed,972.63
362,385,credit_card,failed,972.63
364,386,sepa,failed,928.29
365,387,bank_transfer,refunded,343.31
366,388,paypal,success,268.07
367,389,paypal,failed,231.47
368,390,credit_card,pending,102.29
369,391,sepa,pending,63.59
370,392,paypal,pending,105.59
371,393,invoice,success,371.48
372,394,paypal,failed,419.12
373,395,bank_transfer,refunded,1681.35
374,396,paypal,success,470.76
375,398,credit_card,failed,374.43
376,399,invoice,success,222.54
377,400,paypal,success,477.85
378,401,sepa,failed,206.23
378,401,sepa,failed,206.23
380,403,invoice,failed,244.02
381,404,credit_card,failed,200.9
382,405,bank_transfer,success,39.16
383,406,invoice,refunded,92.56
384,407,paypal,failed,196.41
385,408,invoice,failed,488.16
386,410,invoice,failed,192.69
387,411,sepa,failed,52.92
388,412,paypal,refunded,242.74
389,413,bank_transfer,success,304.0
390,414,sepa,success,-951.24
391,415,credit_card,success,705.87
392,416,paypal,failed,1047.37
393,417,credit_card,failed,213.68
394,419,credit_card,success,248.61
395,420,credit_card,pending,217.74
396,421,paypal,failed,87.2
397,422,paypal,failed,174.85
398,423,paypal,failed,84.68
399,424,paypal,refunded,961.74
400,425,bank_transfer,failed,357.54
401,426,paypal,failed,192.76
402,427,credit_card,refunded,150.46
403,428,sepa,success,1061.44
404,429,credit_card,failed,1224.82
405,430,invoice,failed,-235.95
406,431,invoice,failed,867.86
407,432,sepa,failed,120.23
408,433,bank_transfer,failed,599.63
409,434,paypal,success,983.4
410,435,invoice,refunded,136.2
411,436,invoice,failed,981.48
412,437,credit_card,failed,672.83
413,438,paypal,failed,461.03
414,439,paypal,refunded,98.62
415,440,bank_transfer,failed,65.29
416,441,paypal,failed,187.01
417,442,paypal,failed,233.9
418,443,bank_transfer,success,256.26
419,445,credit_card,success,200.63
420,446,credit_card,success,104.27
421,447,credit_card,success,310.27
422,448,invoice,refunded,752.22
423,449,paypal,success,146.66
424,450,invoice,success,471.78
425,451,invoice,success,486.32
426,452,sepa,success,57.2
427,453,invoice,pending,108.95
428,454,sepa,success,277.84
429,455,paypal,pending,164.13
430,456,invoice,pending,443.5
431,457,paypal,refunded,288.74
432,459,bank_transfer,success,312.3
433,460,credit_card,success,420.1
434,461,invoice,refunded,196.48
435,462,credit_card,pending,131.33
436,464,paypal,failed,-225.85
437,465,sepa,success,201.25
438,466,credit_card,refunded,253.4
439,468,sepa,success,202.13
440,469,paypal,refunded,21.48
441,470,credit_card,failed,128.64
442,471,invoice,failed,66.56
443,472,bank_transfer,refunded,216.36
444,473,bank_transfer,failed,70.64
445,474,bank_transfer,success,94.25
446,475,sepa,success,105.51
447,476,bank_transfer,failed,163.28
448,477,paypal,refunded,52.02
449,478,paypal,success,108.39
450,479,sepa,success,166.37
451,480,invoice,success,18.56
452,481,paypal,success,224.71
453,482,paypal,success,32.42
454,483,invoice,success,253.26
455,484,bank_transfer,success,417.84
456,485,paypal,failed,80.7
457,486,invoice,failed,37.4
458,487,paypal,failed,344.54
459,488,sepa,failed,-190.19
460,489,invoice,success,1742.17
461,490,sepa,success,2262.73
462,491,credit_card,failed,2278.98
463,492,invoice,success,778.69
464,495,sepa,pending,1761.28
465,496,paypal,success,1160.49
466,497,bank_transfer,success,383.43
467,498,paypal,success,436.66
468,499,bank_transfer,refunded,219.01
469,500,sepa,pending,74.04
470,501,invoice,success,723.73
471,502,credit_card,success,305.17
472,503,credit_card,pending,85.98
473,504,credit_card,success,-1185.37
474,505,paypal,failed,580.79
475,506,sepa,failed,1021.43
476,507,credit_card,failed,289.07
477,508,sepa,failed,203.78
478,509,bank_transfer,success,477.81
479,510,invoice,success,512.0
480,511,credit_card,success,114.49
481,512,paypal,success,-1175.67
482,513,sepa,success,847.3
483,514,credit_card,failed,125.75
484,515,credit_card,failed,111.07
485,516,sepa,success,941.08
486,517,invoice,failed,658.29
487,518,credit_card,success,705.7
488,519,paypal,refunded,601.05
489,520,invoice,refunded,74.97
490,521,credit_card,success,217.39
491,522,invoice,failed,648.2
492,524,bank_transfer,failed,-140.52
493,525,bank_transfer,refunded,482.61
494,526,invoice,refunded,832.94
495,527,invoice,pending,165.76
496,528,sepa,success,36.68
497,529,invoice,pending,1191.08
498,530,invoice,pending,134.26
499,531,invoice,failed,213.81
500,533,paypal,success,1109.63
501,534,sepa,failed,310.8
502,535,invoice,refunded,341.46
503,536,credit_card,refunded,2272.66
504,537,paypal,refunded,2111.77
505,538,invoice,failed,1307.87
506,539,paypal,pending,674.41
507,540,bank_transfer,success,489.9
508,542,paypal,success,2418.46
509,543,invoice,success,2185.46
510,544,invoice,pending,174.49
511,545,invoice,refunded,170.08
512,546,credit_card,success,32.42
513,547,paypal,failed,163.91
514,548,bank_transfer,success,387.16
515,549,paypal,failed,570.45
516,550,credit_card,pending,1041.08
517,551,credit_card,pending,-2879.0
518,552,credit_card,refunded,2341.44
519,554,credit_card,failed,1262.23
520,555,credit_card,success,178.49
521,556,credit_card,pending,428.19
522,557,sepa,failed,418.21
523,558,invoice,success,111.53
524,559,bank_transfer,success,199.4
525,560,sepa,failed,92.9
526,561,paypal,pending,128.35
527,562,paypal,failed,681.66
528,563,sepa,refunded,705.35
529,565,credit_card,pending,308.73
530,566,credit_card,pending,67.85
531,567,paypal,success,383.36
532,568,bank_transfer,success,411.39
533,569,sepa,success,175.71
534,570,credit_card,success,360.45
534,570,credit_card,success,360.45
536,571,paypal,refunded,216.64
537,572,invoice,failed,131.46
538,573,credit_card,success,202.53
539,574,paypal,success,111.35
540,575,invoice,failed,19.16
541,576,credit_card,pending,181.78
542,577,sepa,success,353.14
543,578,sepa,failed,329.5
544,579,paypal,success,-441.68
545,580,paypal,failed,132.52
546,581,paypal,refunded,-190.48
547,582,invoice,pending,64.13
548,583,invoice,failed,211.19
549,584,bank_transfer,success,114.94
550,585,credit_card,refunded,143.57
551,586,sepa,refunded,145.33
552,587,sepa,success,131.53
553,588,paypal,success,25.08
553,588,paypal,success,25.08
555,589,invoice,refunded,95.48
556,590,bank_transfer,failed,148.15
557,592,credit_card,success,2165.02
558,593,bank_transfer,failed,2362.97
559,594,paypal,failed,346.12
560,595,sepa,refunded,-792.99
561,596,bank_transfer,failed,169.2
562,597,credit_card,pending,55.11
563,598,credit_card,refunded,1436.12
564,599,invoice,refunded,77.88
565,601,invoice,pending,479.46
566,602,credit_card,failed,159.38
567,603,credit_card,success,239.02
568,604,invoice,success,224.73
569,605,credit_card,failed,197.76
570,606,invoice,success,1034.4
571,608,sepa,refunded,461.98
572,609,sepa,failed,92.9
573,610,invoice,pending,166.82
574,611,invoice,pending,40.5
575,612,bank_transfer,success,198.67
576,613,sepa,refunded,247.24
577,614,credit_card,success,482.1
578,615,bank_transfer,pending,288.44
579,616,invoice,refunded,1374.08
580,617,paypal,success,1156.77
581,618,invoice,success,2431.6
582,619,paypal,failed,2106.74
583,620,bank_transfer,success,739.21
584,621,paypal,pending,1761.15
585,623,sepa,pending,231.83
586,624,paypal,failed,170.94
587,625,paypal,success,339.63
588,626,bank_transfer,success,273.68
589,627,sepa,failed,339.4
590,628,sepa,success,96.82
591,629,bank_transfer,success,118.55
592,630,invoice,failed,155.29
593,631,paypal,refunded,-73.79
594,632,bank_transfer,failed,218.13
595,633,bank_transfer,refunded,172.18
596,634,paypal,pending,233.72
597,635,sepa,refunded,10.66
598,636,sepa,success,162.04
599,637,paypal,pending,72.14
600,638,credit_card,success,730.94
601,639,credit_card,success,250.43
602,640,sepa,failed,200.08
603,641,sepa,pending,286.98
604,642,sepa,refunded,65.55
605,643,sepa,refunded,132.32
606,644,bank_transfer,success,158.21
607,645,bank_transfer,success,223.07
608,646,invoice,pending,78.86
609,647,credit_card,success,213.23
610,648,credit_card,failed,315.76
611,649,paypal,success,59.63
612,650,credit_card,success,16.02
613,651,bank_transfer,success,135.58
614,652,invoice,failed,39.64
615,653,invoice,pending,221.88
616,654,paypal,refunded,242.72
617,656,sepa,refunded,843.13
618,657,paypal,success,779.73
619,658,bank_transfer,success,632.52
620,659,paypal,failed,317.8
621,660,credit_card,success,469.45
622,661,bank_transfer,success,263.14
623,662,invoice,refunded,293.21
624,663,bank_transfer,refunded,176.29
625,664,sepa,success,193.12
626,665,bank_transfer,refunded,1669.23
627,666,sepa,pending,1997.5
628,667,paypal,success,324.57
629,668,sepa,failed,992.25
630,669,sepa,success,242.25
631,670,sepa,success,92.04
632,671,paypal,refunded,264.26
633,674,paypal,failed,144.99
634,675,sepa,failed,113.9
635,676,invoice,pending,1195.5
636,677,paypal,failed,489.94
637,678,invoice,pending,653.17
638,679,bank_transfer,pending,466.29
639,680,paypal,refunded,103.41
640,681,bank_transfer,success,14.18
641,682,invoice,success,412.71
642,683,credit_card,refunded,434.08
643,684,bank_transfer,success,140.39
644,685,credit_card,refunded,212.22
645,686,invoice,success,213.97
646,687,credit_card,success,637.26
647,688,invoice,success,959.48
648,689,sepa,pending,213.27
649,690,bank_transfer,refunded,1087.01
650,691,invoice,refunded,606.6
651,692,credit_card,success,-234.99
652,693,credit_card,refunded,2282.8
653,694,sepa,success,170.12
654,695,invoice,success,244.34
655,696,invoice,failed,161.78
656,697,credit_card,failed,863.92
657,698,invoice,refunded,2028.54
658,699,sepa,success,145.76
659,700,credit_card,refunded,1008.17
660,701,paypal,failed,1171.68
661,702,sepa,refunded,637.25
662,703,credit_card,success,1138.2
663,704,credit_card,failed,950.36
664,705,invoice,success,591.16
665,706,credit_card,failed,938.8
666,707,invoice,failed,288.99
667,708,invoice,pending,899.14
668,709,credit_card,success,307.42
669,710,bank_transfer,failed,143.89
670,711,paypal,failed,270.83
671,712,paypal,success,334.64
672,714,credit_card,success,44.65
673,715,invoice,pending,2398.93
674,716,credit_card,success,157.83
675,717,bank_transfer,failed,557.44
676,718,sepa,success,842.25
677,719,credit_card,success,831.0
678,720,credit_card,refunded,528.59
679,721,sepa,failed,722.28
680,722,credit_card,refunded,2315.16
681,723,paypal,failed,2446.15
682,724,bank_transfer,success,986.81
683,725,credit_card,success,1560.05
684,726,credit_card,failed,77.4
685,727,sepa,refunded,126.65
686,728,bank_transfer,success,395.62
687,729,bank_transfer,pending,122.21
688,730,bank_transfer,failed,494.3
689,731,sepa,pending,41.66
690,732,invoice,success,469.75
691,733,invoice,refunded,129.32
692,734,sepa,success,108.88
693,735,bank_transfer,success,71.61
694,736,bank_transfer,success,120.32
695,737,sepa,success,-238.67
696,738,credit_card,failed,227.08
697,739,bank_transfer,refunded,799.33
698,740,paypal,success,1918.75
699,741,sepa,pending,193.39
700,742,credit_card,success,198.18
701,744,invoice,pending,1939.61
702,745,bank_transfer,refunded,191.38
703,746,credit_card,failed,879.4
704,747,sepa,failed,-182.93
705,748,bank_transfer,success,512.14
706,749,sepa,failed,334.77
707,750,credit_card,success,924.07
708,751,invoice,success,376.88
709,752,credit_card,success,10.77
710,753,paypal,pending,369.19
711,754,bank_transfer,success,99.17
712,755,invoice,refunded,377.46
713,756,paypal,success,317.53
714,757,sepa,refunded,888.27
715,758,credit_card,failed,701.9
716,760,paypal,failed,172.06
717,761,invoice,success,97.72
718,762,invoice,success,-1826.79
718,762,invoice,success,-1826.79
720,763,paypal,pending,1891.03
721,765,credit_card,failed,90.74
722,766,credit_card,failed,1138.55
723,767,credit_card,success,246.78
724,768,invoice,success,218.12
725,769,paypal,refunded,2468.69
726,770,invoice,success,1374.64
727,771,credit_card,success,308.4
728,773,bank_transfer,pending,1359.63
729,774,bank_transfer,pending,1461.13
730,775,invoice,refunded,1826.32
731,776,credit_card,failed,322.89
732,777,credit_card,failed,362.17
733,778,bank_transfer,success,500.48
734,779,paypal,success,179.73
735,780,paypal,failed,202.26
736,781,sepa,success,376.06
737,782,credit_card,refunded,143.99
738,783,credit_card,failed,194.59
739,784,invoice,success,353.2
740,785,bank_transfer,failed,156.56
741,786,invoice,refunded,495.25
742,787,paypal,refunded,353.54
743,788,bank_transfer,failed,426.41
744,789,invoice,pending,152.63
745,790,sepa,success,387.97
746,791,invoice,pending,342.93
747,792,paypal,success,694.32
748,793,invoice,pending,317.22
749,794,sepa,success,477.73
750,795,invoice,refunded,391.09
751,796,credit_card,success,-174.51
752,797,bank_transfer,failed,1996.14
753,798,paypal,success,1449.99
754,799,credit_card,success,2041.53
755,800,invoice,success,1246.98
756,801,paypal,success,-492.63
757,802,bank_transfer,failed,222.48
758,803,paypal,success,390.76
759,804,credit_card,failed,81.55
760,805,credit_card,refunded,456.28
761,806,invoice,success,126.18
762,807,sepa,refunded,305.05
763,808,sepa,failed,46.44
764,809,invoice,pending,341.5
765,810,invoice,pending,351.43
766,811,invoice,failed,306.42
767,812,sepa,pending,1528.84
768,813,invoice,success,211.6
769,814,invoice,success,720.43
770,815,sepa,success,1967.7
771,816,credit_card,refunded,284.07
772,817,credit_card,success,292.71
773,818,paypal,refunded,2024.91
774,820,invoice,failed,323.2
775,821,credit_card,refunded,234.32
776,822,paypal,pending,132.55
777,823,sepa,success,193.79
778,824,sepa,refunded,1871.35
779,825,paypal,pending,3012.65
780,826,sepa,pending,-1759.81
781,827,bank_transfer,refunded,377.34
782,828,invoice,success,217.77
783,829,sepa,refunded,226.43
784,830,bank_transfer,refunded,108.57
785,831,invoice,success,208.77
786,832,paypal,refunded,185.82
787,833,sepa,success,207.3
788,834,sepa,success,458.52
789,835,credit_card,success,149.14
790,837,invoice,pending,156.65
791,839,credit_card,success,442.95
792,840,invoice,refunded,451.49
793,841,sepa,pending,68.21
794,842,sepa,pending,639.78
795,843,sepa,success,215.54
796,844,paypal,success,371.34
797,845,bank_transfer,refunded,131.4
798,846,invoice,refunded,2485.93
799,848,bank_transfer,pending,611.99
800,849,invoice,failed,1094.44
801,850,credit_card,pending,1765.39
802,851,bank_transfer,failed,79.55
803,852,credit_card,failed,83.36
804,853,sepa,success,603.27
805,854,sepa,success,397.84
806,855,sepa,failed,1866.17
807,856,paypal,pending,56.46
808,857,paypal,refunded,743.54
809,858,invoice,success,394.31
810,859,paypal,refunded,181.59
811,860,sepa,failed,2439.06
812,861,invoice,success,1232.91
813,862,paypal,success,161.34
813,862,paypal,success,161.34
815,863,credit_card,success,1262.81
816,864,invoice,refunded,1032.08
817,865,paypal,pending,2203.93
818,866,bank_transfer,failed,776.09
819,867,credit_card,pending,765.02
820,868,credit_card,success,162.39
821,869,bank_transfer,failed,90.13
822,870,invoice,refunded,181.91
823,871,invoice,failed,204.9
824,872,paypal,success,136.66
825,873,bank_transfer,pending,1604.05
826,874,bank_transfer,success,1593.01
827,875,credit_card,failed,55.91
828,877,bank_transfer,refunded,867.02
829,878,invoice,failed,59.11
830,879,paypal,success,198.16
831,880,sepa,success,74.77
832,881,paypal,success,479.23
833,882,paypal,failed,109.14
834,883,paypal,failed,172.56
834,883,paypal,failed,172.56
836,884,sepa,success,1035.53
837,885,sepa,refunded,-198.75
838,886,bank_transfer,failed,301.71
839,887,invoice,failed,120.02
840,888,invoice,pending,463.1
841,889,invoice,refunded,174.07
842,890,invoice,success,150.63
843,891,credit_card,success,407.25
844,892,bank_transfer,success,166.93
845,893,sepa,refunded,65.45
846,894,sepa,success,99.12
847,895,credit_card,failed,349.76
848,896,credit_card,success,253.58
849,897,credit_card,pending,360.31
850,898,invoice,pending,93.79
851,899,sepa,failed,93.41
852,900,invoice,refunded,64.41
853,901,sepa,success,97.48
854,902,invoice,success,167.37
855,903,invoice,refunded,94.48
856,904,paypal,refunded,41.68
857,905,credit_card,refunded,120.2
858,906,sepa,success,43.19
859,907,sepa,failed,308.87
860,908,paypal,pending,217.6
861,909,credit_card,pending,374.14
862,910,paypal,success,306.49
863,911,invoice,failed,226.91
864,912,invoice,failed,-469.31
865,913,paypal,success,284.59
866,914,sepa,success,127.76
867,916,bank_transfer,pending,479.78
868,917,bank_transfer,pending,144.29
869,918,credit_card,failed,297.72
870,919,sepa,pending,84.25
871,920,credit_card,success,443.36
872,921,bank_transfer,failed,496.22
873,922,bank_transfer,failed,148.03
874,923,invoice,failed,1438.91
875,924,credit_card,success,1390.48
876,925,paypal,pending,147.26
877,926,paypal,success,136.39
878,927,credit_card,pending,-35.37
879,928,credit_card,success,156.82
880,929,sepa,failed,96.55
881,930,paypal,success,15.46
882,931,sepa,success,42.87
883,932,sepa,success,59.65
884,933,credit_card,success,63.47
885,934,credit_card,refunded,107.74
886,935,bank_transfer,pending,354.12
887,936,sepa,failed,809.27
888,937,paypal,failed,1172.16
889,938,sepa,success,1088.33
890,939,paypal,success,360.53
891,940,paypal,failed,287.28
892,941,credit_card,failed,443.97
893,942,paypal,refunded,197.05
894,943,bank_transfer,failed,142.42
895,944,paypal,failed,-167.7
896,945,credit_card,refunded,328.34
897,946,bank_transfer,failed,2089.65
898,947,paypal,pending,585.63
899,948,sepa,pending,112.78
900,949,sepa,failed,17.93
901,950,bank_transfer,failed,1064.43
902,951,invoice,failed,872.78
903,952,bank_transfer,pending,1379.77
904,953,invoice,success,156.99
905,956,credit_card,refunded,596.05
906,957,sepa,pending,909.0
907,958,credit_card,failed,68.63
908,959,bank_transfer,pending,698.02
909,960,credit_card,success,88.05
910,961,credit_card,pending,236.89
911,962,bank_transfer,success,202.73
912,963,bank_transfer,failed,201.3
913,964,sepa,pending,58.79
914,965,credit_card,pending,1147.92
915,966,paypal,failed,-39.13
916,967,invoice,success,725.45
917,968,credit_card,success,872.63
918,969,credit_card,pending,1054.56
919,970,paypal,success,21.34
920,971,credit_card,pending,148.41
921,972,paypal,success,111.91
922,973,invoice,failed,47.39
923,974,invoice,failed,-88.94
924,975,sepa,success,428.86
925,976,sepa,failed,12.46
926,977,credit_card,success,263.82
927,978,paypal,success,170.49
928,979,paypal,failed,238.54
929,980,paypal,pending,99.83
930,981,bank_transfer,failed,738.65
931,982,credit_card,success,1995.54
932,983,sepa,success,2048.94
933,984,credit_card,success,2249.84
934,985,paypal,pending,1487.83
935,986,credit_card,success,61.68
936,987,sepa,refunded,113.98
937,988,invoice,failed,868.16
938,989,paypal,success,497.35
939,990,paypal,refunded,116.66
940,991,sepa,pending,266.48
941,992,invoice,pending,579.66
942,993,paypal,success,247.05
943,994,sepa,failed,229.92
944,995,paypal,failed,201.62
945,996,bank_transfer,pending,194.78
946,997,credit_card,success,-1057.77
947,998,credit_card,success,1242.09
948,999,credit_card,success,1024.78
949,1001,credit_card,failed,979.91
950,1002,credit_card,refunded,2161.64
951,1003,invoice,success,1465.82
952,1004,invoice,success,963.6
953,1005,paypal,refunded,350.53
954,1006,credit_card,success,239.39
955,1007,invoice,failed,383.19
956,1009,invoice,failed,109.48
957,1010,bank_transfer,success,476.23
958,1011,invoice,success,18.13
959,1012,paypal,success,182.46
960,1013,paypal,failed,204.49
961,1014,bank_transfer,pending,105.03
962,1015,invoice,success,264.12
963,1018,credit_card,failed,631.59
964,1019,credit_card,failed,140.45
965,1020,paypal,success,411.01
966,1021,bank_transfer,refunded,840.89
967,1022,paypal,failed,7.38
968,1023,bank_transfer,success,120.78
969,1024,credit_card,success,60.93
970,1025,sepa,refunded,185.37
971,1026,paypal,success,188.5
972,1027,invoice,failed,389.52
973,1028,sepa,success,82.47
974,1029,invoice,failed,25.14
975,1030,bank_transfer,success,2415.36
976,1031,credit_card,pending,2225.59
977,1032,paypal,failed,150.69
978,1033,sepa,success,756.6
979,1034,sepa,pending,1331.81
980,1035,sepa,failed,-208.31
981,1036,bank_transfer,failed,-180.32
982,1037,bank_transfer,pending,1973.9
983,1038,bank_transfer,refunded,741.9
984,1039,bank_transfer,refunded,1169.41
985,1040,paypal,failed,1152.24
986,1041,bank_transfer,success,195.49
987,1042,bank_transfer,failed,1438.33
988,1043,credit_card,failed,285.3
989,1044,invoice,success,219.56
990,1045,invoice,success,479.17
991,1046,credit_card,pending,1304.91
992,1047,paypal,failed,1900.57
993,1048,sepa,pending,2193.53
994,1049,invoice,success,312.27
995,1050,credit_card,pending,186.42
996,1051,invoice,pending,38.42
997,1053,sepa,refunded,132.36
998,1054,sepa,success,100.72
999,1055,bank_transfer,pending,412.63
1000,1056,invoice,pending,198.57
1001,1057,invoice,refunded,613.57
1002,1058,paypal,refunded,362.1
1003,1059,bank_transfer,pending,891.57
1003,1059,bank_transfer,pending,891.57
1005,1060,invoice,pending,1643.53
1006,1061,bank_transfer,success,117.3
1007,1062,sepa,pending,56.64
1008,1063,bank_transfer,failed,181.21
1009,1064,bank_transfer,refunded,2312.52
1010,1065,bank_transfer,success,1534.31
1011,1066,sepa,refunded,685.1
1012,1067,credit_card,success,215.55
1013,1068,paypal,refunded,243.44
1014,1069,invoice,success,220.79
1015,1070,bank_transfer,success,141.67
1016,1071,invoice,failed,2312.7
1017,1072,paypal,pending,1455.76
1018,1073,sepa,failed,556.73
1019,1074,sepa,pending,930.92
1020,1075,credit_card,failed,632.81
1021,1076,paypal,success,1070.44
1022,1077,sepa,failed,120.73
1023,1078,credit_card,success,430.38
1024,1079,paypal,pending,21.65
1025,1080,bank_transfer,refunded,233.29
1026,1082,sepa,failed,19.55
1027,1083,bank_transfer,success,313.63
1028,1084,invoice,success,448.66
1029,1085,paypal,success,1112.21
1030,1086,sepa,success,633.33
1031,1087,invoice,success,-102.54
1032,1088,credit_card,success,1720.76
1033,1089,paypal,refunded,1102.81
1034,1091,paypal,failed,606.46
1035,1092,paypal,refunded,94.4
1036,1093,credit_card,failed,1247.66
1037,1094,bank_transfer,failed,118.56
1038,1095,credit_card,failed,568.34
1039,1096,credit_card,refunded,670.38
1040,1097,invoice,success,889.24
1041,1098,credit_card,success,192.03
1042,1099,invoice,failed,164.23
1043,1100,sepa,success,991.23
1044,1101,invoice,pending,2163.79
1045,1102,bank_transfer,failed,-89.02
1046,1104,paypal,success,290.27
1047,1105,credit_card,success,983.7
1048,1107,paypal,failed,448.24
1049,1108,invoice,failed,737.72
1050,1109,sepa,success,1449.15
1051,1110,paypal,success,2035.14
1052,1111,sepa,pending,2126.6
1053,1112,credit_card,failed,161.25
1054,1113,credit_card,pending,140.1
1055,1114,paypal,success,217.92
1056,1115,bank_transfer,success,17.15
1057,1116,bank_transfer,success,147.07
1058,1117,bank_transfer,success,243.94
1059,1118,bank_transfer,success,15.96
1060,1119,bank_transfer,failed,54.99
1061,1120,invoice,success,-219.58
1062,1121,invoice,failed,224.86
1063,1122,paypal,success,51.0
1064,1123,sepa,failed,360.73
1065,1124,credit_card,pending,365.87
1066,1125,invoice,refunded,287.05
1067,1126,credit_card,refunded,307.48
1068,1127,sepa,failed,171.06
1069,1128,paypal,failed,184.54
1070,1129,bank_transfer,refunded,165.07
1071,1130,invoice,refunded,231.8
1072,1131,invoice,failed,153.36
1073,1132,invoice,success,1461.23
1074,1133,credit_card,failed,1075.63
1075,1134,paypal,pending,108.63
1076,1135,bank_transfer,success,918.2
1077,1136,bank_transfer,failed,2248.69
1078,1137,credit_card,failed,212.43
1079,1138,invoice,pending,758.76
1080,1139,invoice,refunded,2295.04
1081,1140,paypal,refunded,979.47
1082,1141,bank_transfer,success,389.25
1083,1142,sepa,failed,374.44
1084,1143,sepa,failed,552.41
1085,1144,invoice,failed,227.85
1086,1145,paypal,success,685.6
1087,1146,paypal,success,-1402.8
1088,1147,paypal,success,33.16
1089,1148,invoice,pending,921.81
1090,1149,invoice,pending,569.4
1091,1150,bank_transfer,failed,33.53
1092,1151,bank_transfer,refunded,85.14
1093,1152,bank_transfer,success,1118.03
1094,1153,invoice,success,258.24
1095,1154,invoice,pending,1093.34
1096,1155,bank_transfer,refunded,1162.89
1097,1156,paypal,success,377.23
1098,1157,paypal,refunded,97.28
1099,1158,credit_card,pending,322.48
1100,1159,paypal,refunded,843.27
1101,1160,sepa,success,386.89
1102,1161,bank_transfer,failed,539.0
1103,1162,invoice,success,1196.49
1104,1163,credit_card,success,1054.15
1105,1164,credit_card,refunded,2230.04
1106,1165,paypal,success,1057.51
1107,1166,paypal,success,88.26
1108,1167,invoice,success,136.32
1109,1168,sepa,success,137.24
1110,1169,invoice,success,385.35
1111,1170,invoice,pending,492.76
1112,1171,paypal,refunded,172.44
1113,1172,paypal,success,380.01
1114,1173,paypal,failed,157.72
1115,1174,paypal,pending,70.58
1116,1175,paypal,pending,-118.75
1117,1176,invoice,refunded,142.06
1118,1177,paypal,pending,790.28
1119,1178,paypal,success,972.62
1120,1179,sepa,refunded,1772.05
1121,1180,bank_transfer,refunded,1918.62
1122,1181,bank_transfer,failed,618.68
1123,1182,bank_transfer,success,244.08
1124,1183,paypal,pending,39.63
1125,1185,credit_card,failed,83.75
1126,1186,paypal,refunded,1386.69
1126,1186,paypal,refunded,1386.69
1128,1187,sepa,success,1310.36
1129,1188,sepa,refunded,1904.37
1130,1189,paypal,refunded,72.85
1131,1190,paypal,pending,942.52
1132,1191,credit_card,failed,906.93
1133,1192,invoice,failed,228.28
1134,1193,bank_transfer,success,479.79
1135,1194,invoice,failed,-452.38
1136,1196,credit_card,success,1173.55
1137,1198,credit_card,failed,1481.95
1138,1199,bank_transfer,refunded,1375.49
1139,1200,sepa,success,715.48
1140,1201,credit_card,failed,730.18
1141,1202,bank_transfer,failed,46.18
1142,1203,paypal,refunded,40.12
1143,1204,paypal,success,38.56
1144,1205,sepa,pending,63.99
1145,1206,paypal,refunded,210.47
1146,1207,credit_card,failed,236.65
1147,1208,credit_card,refunded,663.82
1148,1209,invoice,pending,2172.04
1149,1210,sepa,success,1421.5
1150,1211,paypal,failed,263.74
1151,1212,bank_transfer,failed,-1153.92
1152,1213,credit_card,success,360.86
1153,1214,sepa,refunded,1246.61
1154,1215,paypal,failed,-940.97
1155,1216,sepa,failed,889.41
1156,1217,sepa,success,113.63
1157,1218,invoice,success,165.5
1158,1219,credit_card,failed,46.46
1159,1220,bank_transfer,success,162.63
1160,1221,invoice,pending,70.33
1161,1222,bank_transfer,success,803.24
1162,1223,paypal,success,721.01
1163,1224,invoice,pending,248.56
1164,1225,sepa,failed,7.56
1165,1226,invoice,pending,210.14
1166,1227,invoice,pending,177.95
1167,1228,invoice,pending,51.12
1168,1229,bank_transfer,failed,92.01
1169,1230,credit_card,failed,-173.32
1170,1231,paypal,refunded,496.94
1171,1232,sepa,failed,177.67
1172,1233,paypal,success,137.81
1173,1234,invoice,pending,192.42
1174,1235,paypal,success,318.44
1175,1236,credit_card,refunded,59.1
1176,1237,credit_card,failed,150.43
1177,1238,paypal,failed,96.44
1178,1239,credit_card,success,62.4
1179,1240,invoice,refunded,150.3
1180,1241,invoice,success,236.0
1181,1242,bank_transfer,failed,242.73
1182,1243,credit_card,success,45.51
1183,1244,sepa,refunded,24.69
1184,1245,sepa,failed,-172.75
1185,1246,credit_card,pending,1762.01
1186,1247,credit_card,failed,999.56
1187,1248,paypal,failed,2058.49
1188,1249,credit_card,success,115.9
1189,1250,bank_transfer,success,53.9
1190,1251,credit_card,failed,158.41
1191,1252,sepa,pending,419.33
1192,1253,paypal,success,97.96
1193,1254,paypal,success,179.68
1194,1255,credit_card,failed,166.32
1195,1256,bank_transfer,success,206.83
1196,1257,bank_transfer,success,405.49
1197,1258,invoice,failed,272.16
1198,1259,paypal,success,197.9
1199,1260,credit_card,success,1311.5
1200,1261,sepa,success,1177.61
1201,1262,paypal,success,1703.74
1202,1263,paypal,success,27.45
1203,1264,bank_transfer,success,95.86
1204,1266,paypal,refunded,1332.72
1205,1267,credit_card,success,1403.38
1206,1268,paypal,failed,1610.02
1207,1269,invoice,success,1817.91
1208,1270,invoice,refunded,248.76
1209,1271,sepa,success,361.61
1210,1272,sepa,success,718.06
1211,1273,invoice,failed,704.28
1212,1274,credit_card,failed,206.12
1213,1275,sepa,failed,1605.19
1214,1276,invoice,failed,884.46
1215,1277,bank_transfer,pending,566.06
1216,1278,paypal,refunded,159.69
1217,1279,invoice,pending,76.5
1218,1280,credit_card,failed,45.85
1219,1281,bank_transfer,failed,141.33
1220,1282,credit_card,success,153.74
1221,1283,sepa,success,216.9
1222,1284,invoice,failed,83.25
1223,1285,sepa,refunded,64.52
1224,1286,bank_transfer,refunded,230.23
1225,1287,sepa,pending,237.37
1226,1288,invoice,success,527.61
1227,1289,sepa,pending,759.47
1228,1290,invoice,failed,-345.34
1229,1291,bank_transfer,success,280.51
1229,1291,bank_transfer,success,280.51
1231,1292,credit_card,refunded,127.26
1232,1293,paypal,success,278.58
1233,1294,bank_transfer,refunded,1001.02
1234,1295,bank_transfer,success,-324.96
1235,1296,credit_card,failed,1244.53
1236,1297,credit_card,success,1803.7
1237,1298,invoice,success,1026.07
1238,1299,credit_card,success,1128.11
1239,1300,sepa,success,1896.27
1240,1301,credit_card,failed,199.91
1241,1302,invoice,failed,946.82
1242,1303,bank_transfer,failed,881.96
1243,1304,sepa,failed,56.78
1244,1305,sepa,pending,1603.04
1245,1306,credit_card,refunded,408.99
1246,1307,credit_card,success,1478.91
1247,1308,credit_card,success,1044.32
1248,1309,paypal,pending,483.59
1249,1310,bank_transfer,success,1123.99
1250,1311,bank_transfer,pending,299.78
1251,1312,paypal,success,1175.34
1252,1313,sepa,failed,186.64
1253,1314,paypal,failed,129.32
1253,1314,paypal,failed,129.32
1255,1315,bank_transfer,pending,242.76
1256,1316,sepa,refunded,869.88
1257,1317,paypal,success,701.17
1258,1318,paypal,success,665.13
1259,1319,paypal,success,593.73
1260,1320,invoice,success,608.14
1261,1321,credit_card,success,110.29
1262,1322,paypal,refunded,202.41
1263,1323,sepa,refunded,125.69
1264,1324,invoice,failed,2174.79
1265,1325,paypal,pending,1128.11
1266,1326,paypal,pending,1264.68
1267,1327,sepa,pending,444.48
1268,1328,credit_card,failed,639.68
1269,1329,bank_transfer,success,724.49
1270,1330,paypal,pending,1069.14
1271,1331,bank_transfer,failed,980.2
1272,1332,bank_transfer,failed,479.22
1273,1333,bank_transfer,pending,-286.01
1274,1334,sepa,failed,183.27
1275,1335,sepa,failed,836.02
1276,1336,invoice,failed,493.45
1277,1337,invoice,success,155.87
1278,1338,credit_card,failed,600.59
1279,1339,credit_card,failed,736.35
1280,1340,bank_transfer,failed,955.15
1281,1341,paypal,pending,2444.09
1282,1342,invoice,success,539.99
1283,1343,sepa,failed,135.1
1284,1344,sepa,failed,197.55
1285,1345,invoice,refunded,221.72
1286,1346,paypal,pending,171.03
1287,1347,bank_transfer,refunded,1096.96
1288,1348,credit_card,success,89.69
1289,1349,paypal,refunded,1985.84
1290,1350,bank_transfer,pending,1435.0
1291,1351,invoice,refunded,1456.12
1292,1352,invoice,failed,1725.69
1293,1353,invoice,failed,1643.59
1294,1354,sepa,pending,1746.84
1295,1355,invoice,success,-2079.15
1296,1356,sepa,failed,851.31
1297,1357,paypal,success,1158.56
1298,1358,sepa,failed,57.13
1299,1359,bank_transfer,pending,1091.43
1300,1360,sepa,failed,310.4
1301,1361,invoice,refunded,-1046.84
1302,1362,paypal,success,491.01
1303,1363,credit_card,success,138.74
1304,1365,bank_transfer,success,533.53
1305,1366,invoice,success,-648.2
1306,1367,paypal,failed,91.9
1307,1368,paypal,success,61.19
1308,1369,bank_transfer,failed,238.07
1309,1370,credit_card,success,48.45
1310,1371,paypal,pending,14.55
1311,1372,credit_card,success,206.7
1312,1373,invoice,failed,203.31
1313,1374,bank_transfer,failed,1582.02
1314,1375,invoice,success,228.83
1315,1376,credit_card,success,43.75
1316,1377,paypal,pending,32.54
1317,1378,invoice,success,305.6
1318,1379,credit_card,refunded,168.21
1319,1380,invoice,refunded,213.73
1320,1381,credit_card,success,60.26
1321,1384,bank_transfer,success,146.95
1322,1385,bank_transfer,success,244.99
1323,1386,paypal,success,102.21
1324,1387,bank_transfer,refunded,104.39
1325,1388,invoice,failed,73.43
1326,1389,paypal,success,194.14
1327,1390,sepa,refunded,277.99
1328,1391,bank_transfer,success,243.9
1329,1392,credit_card,success,80.22
1330,1393,paypal,pending,102.4
1331,1394,bank_transfer,failed,184.69
1332,1395,invoice,failed,133.64
1333,1397,sepa,failed,211.59
1334,1398,bank_transfer,success,73.21
1335,1399,invoice,failed,121.75
1336,1400,invoice,success,843.45
1337,1401,bank_transfer,refunded,950.08
1338,1402,invoice,success,100.85
1339,1403,invoice,pending,90.85
1340,1404,credit_card,pending,182.86
1341,1405,sepa,success,7.64
1342,1406,credit_card,failed,120.42
1343,1407,credit_card,failed,441.31
1344,1408,credit_card,pending,65.29
1345,1409,invoice,success,381.65
1346,1410,invoice,pending,128.23
1347,1411,sepa,pending,325.91
1348,1412,credit_card,success,171.13
1349,1413,credit_card,refunded,128.94
1350,1414,paypal,pending,284.73
1351,1415,paypal,success,304.81
1352,1416,sepa,pending,294.26
1352,1416,sepa,pending,294.26
1354,1417,credit_card,success,2137.97
1355,1418,credit_card,success,1107.9
1356,1419,invoice,failed,292.07
1357,1420,credit_card,pending,913.33
1358,1421,invoice,pending,694.78
1359,1422,paypal,refunded,189.56
1360,1423,paypal,failed,82.55
1361,1425,paypal,pending,1012.22
1362,1426,paypal,failed,455.33
1363,1427,credit_card,success,27.87
1364,1428,paypal,refunded,102.21
1364,1428,paypal,refunded,102.21
1366,1429,paypal,success,155.29
1367,1430,bank_transfer,success,-139.26
1368,1431,paypal,refunded,1128.87
1369,1432,credit_card,success,210.29
1370,1433,credit_card,success,212.74
1371,1435,sepa,success,83.44
1372,1436,sepa,success,65.49
1373,1437,invoice,refunded,81.8
1374,1438,sepa,refunded,206.16
1375,1439,bank_transfer,pending,112.28
1376,1440,credit_card,success,141.95
1377,1441,credit_card,pending,145.28
1377,1441,credit_card,pending,145.28
1379,1442,sepa,failed,221.11
1380,1443,bank_transfer,pending,159.28
1381,1444,credit_card,failed,385.49
1381,1444,credit_card,failed,385.49
1383,1445,invoice,success,185.59
1384,1447,invoice,success,24.45
1385,1448,paypal,refunded,2375.12
1386,1449,bank_transfer,success,891.07
1387,1450,credit_card,refunded,100.44
1388,1451,paypal,success,176.46
1389,1452,bank_transfer,success,344.53
1390,1453,credit_card,failed,-170.16
1391,1454,paypal,success,478.3
1392,1455,invoice,pending,57.51
1393,1456,invoice,refunded,-258.59
1394,1457,credit_card,refunded,405.53
1395,1458,paypal,success,92.02
1396,1461,bank_transfer,success,1227.04
1397,1462,credit_card,pending,1341.98
1398,1463,sepa,failed,1147.37
1399,1464,bank_transfer,success,251.85
1400,1465,sepa,failed,799.45
1401,1466,invoice,success,510.79
1402,1467,credit_card,success,818.45
1403,1468,paypal,success,911.83
1404,1469,paypal,failed,694.38
1405,1470,sepa,pending,475.48
1406,1471,invoice,success,155.19
1407,1473,sepa,success,229.81
1408,1475,invoice,refunded,55.19
1409,1476,sepa,failed,73.13
1410,1477,invoice,refunded,15.24
1410,1477,invoice,refunded,15.24
1412,1478,bank_transfer,pending,2260.43
1413,1479,invoice,refunded,373.89
1414,1480,credit_card,success,557.97
1415,1481,paypal,success,659.83
1416,1482,sepa,success,250.99
1417,1483,credit_card,pending,193.44
1418,1484,invoice,failed,461.7
1419,1485,credit_card,failed,128.87
1420,1486,credit_card,success,11.2
1421,1487,credit_card,failed,139.05
1422,1488,bank_transfer,pending,9.28
1423,1489,paypal,success,172.66
1424,1490,credit_card,success,1074.83
1425,1491,invoice,success,1173.08
1426,1492,bank_transfer,failed,861.53
1427,1493,invoice,failed,581.42
1428,1494,paypal,pending,1248.95
1429,1495,sepa,failed,77.13
1430,1496,credit_card,refunded,104.61
1431,1498,invoice,failed,513.63
1432,1499,credit_card,failed,1095.17
1433,1501,bank_transfer,success,453.29
1434,1502,credit_card,success,333.23
1435,1503,sepa,refunded,168.56
1436,1504,credit_card,refunded,396.64
